[
  {
    "version": "1.1.2",
    "release_time": 1497225600,
    "features": [
      "Thanks to @TheAz928's commit, your tag will not be anymore lost!"
      ]
  },
  {
    "version": "1.1.3",
    "release_time": 1498348800,
    "features": [
      "Code perfomance optimization."
      ]
  },
  {
    "version": "1.2",
    "release_time": 1503697320,
    "features": [
      "Renamed hideme.command permission to hideme.commands",
      "Fixed issue with custom nametags not working."
      ]
  }
]
