{"stat.chestOpened":1,"stat.useItem.minecraft.quartz_block":382,"stat.useItem.minecraft.quartz_stairs":4,"stat.leaveGame":6,"stat.useItem.minecraft.bookshelf":6,"stat.useItem.minecraft.waterlily":9,"stat.useItem.minecraft.soul_sand":1,"stat.useItem.minecraft.diamond_sword":1,"stat.useItem.minecraft.potion":4,"stat.swimOneCm":9003,"stat.jump":1457,"stat.fallOneCm":27979,"stat.climbOneCm":663,"stat.useItem.minecraft.planks":55,"stat.crouchOneCm":88058,"stat.useItem.minecraft.mycelium":7,"stat.useItem.minecraft.dirt":86,"achievement.exploreAllBiomes":{"value":0,"progress":["Plains"]},"stat.craftingTableInteraction":1,"stat.useItem.minecraft.red_flower":1,"stat.useItem.minecraft.sapling":24,"stat.damageTaken":3365,"stat.useItem.minecraft.dark_oak_fence":1,"stat.flyOneCm":2572479,"stat.useItem.minecraft.red_mushroom":23,"stat.useItem.minecraft.enchanting_table":13,"stat.damageDealt":170,"stat.useItem.minecraft.wool":66,"stat.timeSinceDeath":48407,"stat.useItem.minecraft.wooden_slab":95,"stat.walkOneCm":268480,"stat.useItem.minecraft.torch":6,"stat.useItem.minecraft.chest":23,"stat.useItem.minecraft.log":96,"stat.useItem.minecraft.tnt":6,"stat.useItem.minecraft.nether_wart":2,"stat.useItem.minecraft.emerald_block":2,"stat.killEntity.Creeper":1,"stat.useItem.minecraft.double_plant":1,"stat.useItem.minecraft.spruce_stairs":60,"stat.useItem.minecraft.stained_hardened_clay":721,"stat.useItem.minecraft.red_mushroom_block":12,"stat.useItem.minecraft.leaves":8,"stat.sprintOneCm":91011,"stat.useItem.minecraft.stained_glass":55,"stat.useItem.minecraft.hay_block":6,"stat.useItem.minecraft.stone_slab":77,"achievement.openInventory":95,"stat.mobKills":3,"stat.useItem.minecraft.dye":125,"stat.deaths":6,"stat.useItem.minecraft.cobblestone_wall":10,"stat.drop":2,"stat.playOneMinute":226551,"stat.killEntity.Sheep":1,"stat.useItem.minecraft.ladder":19,"stat.mineBlock.minecraft.tallgrass":1,"stat.diveOneCm":3355}