[
  {
    "version": "1.0",
    "release_time": 1497225600,
    "features": [
      "List your rules in a single command: /rules.",
      "Add your rules in the configuration file."
      ]
  },
  {
    "version": "1.3",
    "release_time": 1497312000,
    "features": [
      "From now on, you can have as many rules as you want."
      ]
  },
  {
    "version": "2.0",
    "release_time": 1504111920,
    "features": [
      "As of now, rules are paginated. Command: /rules [page]",
      "New configuration property: page-rules."
      ]
  }
]
