{"stat.useItem.minecraft.bow":84,"stat.useItem.minecraft.quartz_block":577,"stat.useItem.minecraft.stone":184,"stat.useItem.minecraft.quartz_stairs":133,"stat.leaveGame":23,"stat.useItem.minecraft.diamond_axe":117,"stat.useItem.minecraft.soul_sand":100,"stat.useItem.minecraft.diamond_sword":59,"stat.useItem.minecraft.potion":82,"stat.useItem.minecraft.quartz_ore":1,"stat.jump":1139,"stat.swimOneCm":9024,"stat.useItem.minecraft.planks":494,"stat.climbOneCm":1732,"stat.crouchOneCm":61270,"stat.useItem.minecraft.mycelium":2,"stat.useItem.minecraft.redstone_torch":10,"stat.useItem.minecraft.dirt":491,"stat.useItem.minecraft.stone_button":29,"achievement.exploreAllBiomes":{"value":0,"progress":["Plains"]},"stat.useItem.minecraft.glass":6,"stat.useItem.minecraft.sapling":25,"stat.useItem.minecraft.egg":46,"stat.useItem.minecraft.leaves2":13,"stat.damageTaken":200,"stat.useItem.minecraft.dark_oak_fence":9,"stat.useItem.minecraft.brick_block":62,"stat.useItem.minecraft.anvil":2,"stat.flyOneCm":3442034,"stat.useItem.minecraft.red_mushroom":2,"stat.useItem.minecraft.enchanting_table":1,"stat.damageDealt":6580,"stat.useItem.minecraft.wool":213,"stat.timeSinceDeath":276482,"stat.killEntity.Cow":1,"stat.useItem.minecraft.crafting_table":12,"stat.useItem.minecraft.wooden_slab":386,"stat.killEntity.Pig":1,"stat.walkOneCm":336158,"stat.playerKills":1,"stat.useItem.minecraft.chest":60,"stat.useItem.minecraft.log":204,"stat.useItem.minecraft.tnt":51,"stat.useItem.minecraft.cobblestone":24,"stat.useItem.minecraft.nether_wart":44,"stat.useItem.minecraft.gravel":9,"stat.useItem.minecraft.dark_oak_stairs":4,"stat.killEntity.Creeper":11,"stat.mineBlock.minecraft.red_mushroom_block":117,"stat.useItem.minecraft.redstone_block":23,"stat.useItem.minecraft.milk_bucket":1,"stat.useItem.minecraft.spruce_stairs":89,"achievement.mineWood":4,"stat.useItem.minecraft.spruce_fence":33,"stat.useItem.minecraft.red_mushroom_block":386,"stat.useItem.minecraft.stained_hardened_clay":2717,"stat.useItem.minecraft.leaves":240,"stat.useItem.minecraft.trapdoor":3,"stat.sprintOneCm":103404,"stat.useItem.minecraft.stained_glass":238,"stat.useItem.minecraft.hay_block":21,"stat.useItem.minecraft.prismarine":9,"stat.killEntity.Skeleton":5,"stat.useItem.minecraft.stone_slab":374,"achievement.openInventory":392,"stat.useItem.minecraft.barrier":19,"stat.killEntity.Chicken":2,"stat.killEntity.Spider":3,"stat.mobKills":41,"stat.useItem.minecraft.wooden_pressure_plate":15,"stat.useItem.minecraft.stonebrick":14,"stat.useItem.minecraft.dye":83,"stat.deaths":1,"stat.useItem.minecraft.cobblestone_wall":103,"stat.drop":16,"stat.playOneMinute":435453,"stat.killEntity.Sheep":1,"stat.useItem.minecraft.ladder":100,"stat.killEntity.Zombie":6,"stat.diveOneCm":774}